[
{"hetekaId":1109,"name":"Halla-ahoJussi","constituency":"Helsinki"},
{"hetekaId":1155,"name":"KontulaAnna","constituency":"Pirkanmaa"},
{"hetekaId":511,"name":"ViitanenPia","constituency":"Pirkanmaa"},
{"hetekaId":358,"name":"KoskinenJohannes","constituency":"Häme"},
{"hetekaId":451,"name":"FilatovTarja","constituency":"Häme"},
{"hetekaId":118,"name":"HaavistoPekka","constituency":"Helsinki"},
{"hetekaId":772,"name":"KaikkonenAntti","constituency":"Uusimaa"},
{"hetekaId":583,"name":"LintiläMika","constituency":"Vaasa"},
{"hetekaId":351,"name":"BiaudetEva","constituency":"Helsinki"},
{"hetekaId":499,"name":"RäsänenPäivi","constituency":"Häme"},
{"hetekaId":1137,"name":"KiuruPauli","constituency":"Pirkanmaa"},
{"hetekaId":809,"name":"RisikkoPaula","constituency":"Vaasa"},
{"hetekaId":784,"name":"SatonenArto","constituency":"Pirkanmaa"},
{"hetekaId":1094,"name":"EestiläMarkku","constituency":"Savo-Karjala"},
{"hetekaId":1096,"name":"ElomaaRitva","constituency":"Varsinais-Suomi"},
{"hetekaId":1129,"name":"JuvonenArja","constituency":"Uusimaa"},
{"hetekaId":1093,"name":"EerolaJuho","constituency":"Kaakkois-Suomi"},
{"hetekaId":1312,"name":"SarkkinenHanna","constituency":"Oulu"},
{"hetekaId":971,"name":"Ojala-NiemeläJohanna","constituency":"Lappi"},
{"hetekaId":1306,"name":"AdlercreutzAnders","constituency":"Uusimaa"},
{"hetekaId":1325,"name":"TanusSari","constituency":"Pirkanmaa"},
{"hetekaId":1300,"name":"MykkänenKai","constituency":"here"},
{"hetekaId":1299,"name":"MultalaSari","constituency":"Uusimaa"},
{"hetekaId":1279,"name":"ValtonenElina","constituency":"Helsinki"},
{"hetekaId":1135,"name":"KaumaPia","constituency":"Uusimaa"},
{"hetekaId":1134,"name":"VikmanSofia","constituency":"Pirkanmaa"},
{"hetekaId":1391,"name":"KoponenAri","constituency":"Uusimaa"},
{"hetekaId":1417,"name":"RanneLulu","constituency":"Häme"},
{"hetekaId":1439,"name":"PeltokangasMauri","constituency":"Vaasa"},
{"hetekaId":1334,"name":"HäkkänenAntti","constituency":"Kaakkois-Suomi"},
{"hetekaId":1089,"name":"AuttoHeikki","constituency":"Lappi"},
{"hetekaId":1323,"name":"TalvitieMari-Leena","constituency":"Oulu"},
{"hetekaId":1531,"name":"ImmonenTomi","constituency":"Keski-Suomi"},
{"hetekaId":1511,"name":"LylyLauri","constituency":"Pirkanmaa"},
{"hetekaId":960,"name":"KiuruKrista","constituency":"Satakunta"},
{"hetekaId":538,"name":"HaatainenTuula","constituency":"Helsinki"},
{"hetekaId":464,"name":"KiljunenKimmo","constituency":"Uusimaa"},
{"hetekaId":807,"name":"Kumpula-NatriMiapetra","constituency":"Uusimaa"},
{"hetekaId":846,"name":"TynkkynenOras","constituency":"Pirkanmaa"},
{"hetekaId":953,"name":"KalmariAnne","constituency":"Keski-Suomi"},
{"hetekaId":797,"name":"HoskonenHannu","constituency":"Savo-Karjala"},
{"hetekaId":1345,"name":"LöfströmMats","constituency":"Ahvenanmaa"},
{"hetekaId":1318,"name":"StrandJoakim","constituency":"Vaasa"},
{"hetekaId":778,"name":"EssayahSari","constituency":"Savo-Karjala"},
{"hetekaId":1131,"name":"WallinheimoSinuhe","constituency":"Keski-Suomi"},
{"hetekaId":1142,"name":"KopraJukka","constituency":"Kaakkois-Suomi"},
{"hetekaId":612,"name":"SarkomaaSari","constituency":"Helsinki"},
{"hetekaId":1349,"name":"MeriLeena","constituency":"Uusimaa"},
{"hetekaId":1413,"name":"KoskelaJari","constituency":"Satakunta"},
{"hetekaId":1136,"name":"VähämäkiVille","constituency":"Oulu"},
{"hetekaId":1308,"name":"RonkainenJari","constituency":"Häme"},
{"hetekaId":1327,"name":"TavioVille","constituency":"Varsinais-Suomi"},
{"hetekaId":1418,"name":"NiemiVeijo","constituency":"Pirkanmaa"},
{"hetekaId":1314,"name":"SavioSami","constituency":"Pirkanmaa"},
{"hetekaId":1485,"name":"KoskelaMinja","constituency":"Helsinki"},
{"hetekaId":1097,"name":"PekonenAino-Kaisa","constituency":"Häme"},
{"hetekaId":1133,"name":"KariMika","constituency":"Häme"},
{"hetekaId":1099,"name":"ElorantaEeva-Johanna","constituency":"Varsinais-Suomi"},
{"hetekaId":1126,"name":"TuppurainenTytti","constituency":"Oulu"},
{"hetekaId":1147,"name":"LindtmanAntti","constituency":"Uusimaa"},
{"hetekaId":794,"name":"VäätäinenTuula","constituency":"Savo-Karjala"},
{"hetekaId":1298,"name":"MikkonenKrista","constituency":"Savo-Karjala"},
{"hetekaId":1411,"name":"VirtaSofia","constituency":"Varsinais-Suomi"},
{"hetekaId":1157,"name":"SaarikkoAnnika","constituency":"Varsinais-Suomi"},
{"hetekaId":1106,"name":"SavolaMikko","constituency":"Vaasa"},
{"hetekaId":1149,"name":"LohiMarkus","constituency":"Lappi"},
{"hetekaId":1406,"name":"BergqvistSandra","constituency":"Varsinais-Suomi"},
{"hetekaId":1141,"name":"ÖstmanPeter","constituency":"Vaasa"},
{"hetekaId":1100,"name":"Grahn-LaasonenSanni","constituency":"Häme"},
{"hetekaId":947,"name":"OrpoPetteri","constituency":"Varsinais-Suomi"},
{"hetekaId":967,"name":"HeinonenTimo","constituency":"Häme"},
{"hetekaId":301,"name":"ZyskowiczBen","constituency":"Helsinki"},
{"hetekaId":1333,"name":"HuhtasaariLaura","constituency":"Satakunta"},
{"hetekaId":1392,"name":"PurraRiikka","constituency":"Uusimaa"},
{"hetekaId":1301,"name":"MäkeläJani","constituency":"Kaakkois-Suomi"},
{"hetekaId":1282,"name":"RydmanWille","constituency":"Helsinki"},
{"hetekaId":1435,"name":"ReijonenMinna","constituency":"Savo-Karjala"},
{"hetekaId":1455,"name":"JuusoKaisa","constituency":"Lappi"},
{"hetekaId":1426,"name":"LaaksoSheikki","constituency":"Kaakkois-Suomi"},
{"hetekaId":1388,"name":"RantanenMari","constituency":"Helsinki"},
{"hetekaId":1399,"name":"LohikoskiPia","constituency":"Uusimaa"},
{"hetekaId":1384,"name":"KiveläMai","constituency":"Helsinki"},
{"hetekaId":1383,"name":"HonkasaloVeronika","constituency":"Helsinki"},
{"hetekaId":1443,"name":"BergKim","constituency":"Vaasa"},
{"hetekaId":1380,"name":"MäkinenRiitta","constituency":"Keski-Suomi"},
{"hetekaId":1316,"name":"SkinnariVille","constituency":"Häme"},
{"hetekaId":1302,"name":"NurminenIlmari","constituency":"Pirkanmaa"},
{"hetekaId":1326,"name":"HarakkaTimo","constituency":"Helsinki"},
{"hetekaId":970,"name":"AsellMarko","constituency":"Pirkanmaa"},
{"hetekaId":1144,"name":"KymäläinenSuna","constituency":"Kaakkois-Suomi"},
{"hetekaId":1445,"name":"ForsgrénBella","constituency":"Keski-Suomi"},
{"hetekaId":1331,"name":"HonkonenPetri","constituency":"Keski-Suomi"},
{"hetekaId":1341,"name":"KurvinenAntti","constituency":"Vaasa"},
{"hetekaId":1338,"name":"KosonenHanna","constituency":"Kaakkois-Suomi"},
{"hetekaId":1189,"name":"AnderssonOtto","constituency":"Uusimaa"},
{"hetekaId":1409,"name":"JunnilaVilhelm","constituency":"Varsinais-Suomi"},
{"hetekaId":1450,"name":"SimulaJenna","constituency":"Oulu"},
{"hetekaId":1467,"name":"HuruPetri","constituency":"Satakunta"},
{"hetekaId":1419,"name":"PuistoSakari","constituency":"Pirkanmaa"},
{"hetekaId":1437,"name":"MäenpääJuha","constituency":"Vaasa"},
{"hetekaId":1527,"name":"SillanpääPia","constituency":"Vaasa"},
{"hetekaId":1526,"name":"RintamäkiAnne","constituency":"Vaasa"},
{"hetekaId":1407,"name":"YrttiahoJohannes","constituency":"Varsinais-Suomi"},
{"hetekaId":1429,"name":"WerningPaula","constituency":"Kaakkois-Suomi"},
{"hetekaId":1311,"name":"RäsänenJoona","constituency":"Uusimaa"},
{"hetekaId":1447,"name":"RantanenPiritta","constituency":"Keski-Suomi"},
{"hetekaId":1428,"name":"MalmNiina","constituency":"Kaakkois-Suomi"},
{"hetekaId":1408,"name":"LindénAki","constituency":"Varsinais-Suomi"},
{"hetekaId":1398,"name":"KvarnströmJohan","constituency":"Uusimaa"},
{"hetekaId":1390,"name":"HeinäluomaEveliina","constituency":"Helsinki"},
{"hetekaId":1430,"name":"EskelinenSeppo","constituency":"Savo-Karjala"},
{"hetekaId":1385,"name":"HarjanneAtte","constituency":"Helsinki"},
{"hetekaId":1424,"name":"HolopainenHanna","constituency":"Kaakkois-Suomi"},
{"hetekaId":1433,"name":"RäsänenHanna","constituency":"Savo-Karjala"},
{"hetekaId":913,"name":"ViljanenEerikki","constituency":"Uusimaa"},
{"hetekaId":1382,"name":"MattilaHanna-Leena","constituency":"Oulu"},
{"hetekaId":1440,"name":"NorrbackAnders","constituency":"Vaasa"},
{"hetekaId":1495,"name":"PoutalaMika","constituency":"Uusimaa"},
{"hetekaId":1379,"name":"LaihoMia","constituency":"Uusimaa"},
{"hetekaId":1265,"name":"MarttinenMatias","constituency":"Satakunta"},
{"hetekaId":1219,"name":"SirénSaara-Sofia","constituency":"Varsinais-Suomi"},
{"hetekaId":1434,"name":"AntikainenSanna","constituency":"Savo-Karjala"},
{"hetekaId":1452,"name":"AittakumpuPekka","constituency":"Oulu"},
{"hetekaId":1499,"name":"PiisinenJorma","constituency":"Uusimaa"},
{"hetekaId":1508,"name":"LehtinenRami","constituency":"Häme"},
{"hetekaId":1498,"name":"KeskisarjaTeemu","constituency":"Uusimaa"},
{"hetekaId":1516,"name":"StrandmanJaana","constituency":"Kaakkois-Suomi"},
{"hetekaId":1509,"name":"NieminenMira","constituency":"Häme"},
{"hetekaId":1523,"name":"MeriluotoLaura","constituency":"Savo-Karjala"},
{"hetekaId":1502,"name":"FuruholmTimo","constituency":"Varsinais-Suomi"},
{"hetekaId":1529,"name":"KokkoJani","constituency":"Keski-Suomi"},
{"hetekaId":1534,"name":"HiltunenPia","constituency":"Oulu"},
{"hetekaId":1488,"name":"GebhardElisa","constituency":"Helsinki"},
{"hetekaId":1202,"name":"RazmyarNasima","constituency":"Helsinki"},
{"hetekaId":1469,"name":"MäkynenMatias","constituency":"Vaasa"},
{"hetekaId":1402,"name":"HopsuInka","constituency":"Uusimaa"},
{"hetekaId":1403,"name":"HyrkköSaara","constituency":"Uusimaa"},
{"hetekaId":1415,"name":"KemppiHilkka","constituency":"Häme"},
{"hetekaId":1422,"name":"OvaskaJouni","constituency":"Pirkanmaa"},
{"hetekaId":1412,"name":"KalliEeva","constituency":"Satakunta"},
{"hetekaId":1501,"name":"WickströmHenrik","constituency":"Uusimaa"},
{"hetekaId":1441,"name":"OllikainenMikko","constituency":"Vaasa"},
{"hetekaId":1481,"name":"KalevaAtte","constituency":"Helsinki"},
{"hetekaId":1421,"name":"IkonenAnna-Kaisa","constituency":"Pirkanmaa"},
{"hetekaId":1454,"name":"HeikkinenJanne","constituency":"Oulu"},
{"hetekaId":1396,"name":"VestmanHeikki","constituency":"Uusimaa"},
{"hetekaId":1425,"name":"KaunistoVille","constituency":"Kaakkois-Suomi"},
{"hetekaId":1394,"name":"Keto-HuovinenPihla","constituency":"Uusimaa"},
{"hetekaId":1389,"name":"KoulumiesTerhi","constituency":"Helsinki"},
{"hetekaId":1432,"name":"KilpiMarko","constituency":"Savo-Karjala"},
{"hetekaId":1535,"name":"KangasAntti","constituency":"Oulu"},
{"hetekaId":1538,"name":"SeppänenSara","constituency":"Lappi"},
{"hetekaId":1536,"name":"PolvinenMikko","constituency":"Oulu"},
{"hetekaId":1410,"name":"LundénMikko","constituency":"Varsinais-Suomi"},
{"hetekaId":1530,"name":"GaredewKaisa","constituency":"Keski-Suomi"},
{"hetekaId":1522,"name":"VornanenTimo","constituency":"Savo-Karjala"},
{"hetekaId":911824,"name":"JokelainenJessi","constituency":"Oulu"},
{"hetekaId":1497,"name":"PerholehtoPinja","constituency":"Uusimaa"},
{"hetekaId":1496,"name":"PeltonenEemeli","constituency":"Uusimaa"},
{"hetekaId":1503,"name":"NikkanenSaku","constituency":"Varsinais-Suomi"},
{"hetekaId":1519,"name":"MikkonenAnna-Kristiina","constituency":"Kaakkois-Suomi"},
{"hetekaId":1512,"name":"MerinenVille","constituency":"Pirkanmaa"},
{"hetekaId":1539,"name":"MarttilaHelena","constituency":"Uusimaa"},
{"hetekaId":1401,"name":"EloTiina","constituency":"Uusimaa"},
{"hetekaId":1449,"name":"PitkoJenni","constituency":"Oulu"},
{"hetekaId":1518,"name":"KallioVesa","constituency":"Kaakkois-Suomi"},
{"hetekaId":1532,"name":"MehtäläTimo","constituency":"Oulu"},
{"hetekaId":1468,"name":"KettunenTuomas","constituency":"Oulu"},
{"hetekaId":911821,"name":"IngoChristoffer","constituency":"Vaasa"},
{"hetekaId":1505,"name":"LahdenperäMilla","constituency":"Varsinais-Suomi"},
{"hetekaId":1513,"name":"JänttiAleksi","constituency":"Pirkanmaa"},
{"hetekaId":1491,"name":"LimnellJarno","constituency":"Uusimaa"},
{"hetekaId":1510,"name":"KinnariTeemu","constituency":"Häme"},
{"hetekaId":1504,"name":"Aalto-SetäläPauli","constituency":"Varsinais-Suomi"},
{"hetekaId":1492,"name":"PäivärintaSusanne","constituency":"Uusimaa"},
{"hetekaId":1537,"name":"HänninenJuha","constituency":"Oulu"},
{"hetekaId":1486,"name":"LindbergJarmo","constituency":"Helsinki"},
{"hetekaId":1483,"name":"ValkonenVille","constituency":"Varsinais-Suomi"},
{"hetekaId":1500,"name":"RostilaOnni","constituency":"Uusimaa"},
{"hetekaId":1514,"name":"BergbomMiko","constituency":"Pirkanmaa"},
{"hetekaId":1515,"name":"VigeliusJoakim","constituency":"Pirkanmaa"},
{"hetekaId":911826,"name":"RasinkangasMerja","constituency":"Oulu"},
{"hetekaId":911820,"name":"HamariLotta","constituency":"Pirkanmaa"},
{"hetekaId":1506,"name":"ViitalaJuha","constituency":"Satakunta"},
{"hetekaId":1521,"name":"SuhonenTimo","constituency":"Savo-Karjala"},
{"hetekaId":911823,"name":"AlametsäAlviina","constituency":"Helsinki"},
{"hetekaId":1489,"name":"DiarraFatim","constituency":"Helsinki"},
{"hetekaId":911827,"name":"RiipiMika","constituency":"Lappi"},
{"hetekaId":1533,"name":"Oinas-PanumaOlga","constituency":"Oulu"},
{"hetekaId":1524,"name":"SiponenMarkku","constituency":"Savo-Karjala"},
{"hetekaId":1328,"name":"HarkimoHarry","constituency":"Uusimaa"},
{"hetekaId":911825,"name":"PaasiMartin","constituency":"Uusimaa"},
{"hetekaId":911822,"name":"CastrénMaaret","constituency":"Helsinki"},
{"hetekaId":1490,"name":"FagerströmNoora","constituency":"Uusimaa"},
{"hetekaId":1520,"name":"PartanenKaroliina","constituency":"Savo-Karjala"},
{"hetekaId":1493,"name":"SammallahtiTere","constituency":"Uusimaa"},
{"hetekaId":1507,"name":"KaunistolaMari","constituency":"Satakunta"},
{"hetekaId":1525,"name":"JukkolaJanne","constituency":"Vaasa"},
{"hetekaId":1517,"name":"ValtolaOskari","constituency":"Kaakkois-Suomi"},
{"hetekaId":1528,"name":"VäyrynenVille","constituency":"Keski-Suomi"}
]
